{
  "Precision": 0.895013334333192,
  "Recall": 0.8728554966249517,
  "mAP@0.5": 0.9182393242476237,
  "mAP@0.5:0.95": 0.5317360181761857
}